ID,Наименование,Госпитализация,Длительность,Стоимость
1,АВАТЕК 15 % СС,Не требуется,28,6050
2,АВЕРОФАРМ,Требуется,25,1900
3,АВЕРСЕКТ - 2,Не требуется,23,3500
4,АВЕРСЕКТ К&C,Требуется,11,9650
5,АВЕРСЕКТ-2 ВК,Требуется,6,3950
6,АВЕРТЕЛЬ,Не требуется,22,1150
7,АВИЗИМ 1100,Не требуется,14,7500
8,АВИЗИМ 1200,Не требуется,22,1650
9,АВИЗИМ 1300,Не требуется,5,1500
10,АВИЗИМ 1500,Не требуется,10,1000
11,АВИМУТИН ГИДРО,Не требуется,29,5650
12,АГИТА 10 WG,Требуется,6,7250
13,АГИФЛАЙ,Требуется,17,9400
14,АДВАНТЕЙДЖ 40,Требуется,7,4350
15,АДВАНТЕЙДЖ 80,Не требуется,23,6850
16,АДВАНТИКС,Требуется,20,1100
17,АДВОКАТ,Не требуется,23,4200
18,АЗИКАН,Не требуется,27,7300
19,АЗИНОКС,Требуется,6,7250
20,АЗИНОКС ПЛЮС,Не требуется,16,5350
21,АЗИПИРИН,Требуется,14,1550
22,АЗИТРОНИТ,Требуется,24,3350
23,АЗОКСИВЕТ,Не требуется,26,7000
24,АЙНИЛ 1%,Не требуется,8,2600
25,АЙНИЛ 10 %,Требуется,6,8850
26,АЙРОНБУСТЕР,Не требуется,28,4500
27,АЙСИДИВИТ,Не требуется,19,5650
28,АКАРАСАН,Требуется,19,4900
29,АКАРОМЕКТИН,Не требуется,11,5150
30,АКВАРЭТ-КОНЦЕНТРАТ,Требуется,5,1250
31,АКВАРЭТ-ПРИМАНКА,Требуется,23,2500
32,АКВИМАГ,Требуется,7,3850
33,АКРОЗОЛЬ,Не требуется,14,1550
34,АЛАМИЦИН LA 300,Требуется,8,6650
35,АЛАМИЦИН АЭРОЗОЛЬ,Не требуется,25,9800
36,АЛЗАН,Не требуется,9,7350
37,АЛИЗИН,Не требуется,19,2500
38,АЛЛЕРВЕТ 1%,Требуется,28,1550
39,АЛЛЕРДЕРМ СПОТ-ОН,Требуется,19,6350
40,АЛЬБАЗЕН,Не требуется,10,1950
41,АЛЬБАЗЕН 10 %,Требуется,30,7750
42,АЛЬБАЗЕН 20 %,Требуется,12,3000
43,АЛЬБАМЕЛИН,Требуется,10,7500
44,АЛЬБЕН,Не требуется,18,4650
45,АЛЬБЕН ГРАНУЛЫ,Не требуется,7,7700
46,АЛЬБЕН С,Не требуется,20,7950
47,АЛЬБЕНДАЗОЛ ГРАНУЛЯТ 10 %,Не требуется,12,1450
48,АЛЬБЕНДАЗОЛ СУСПЕНЗИЯ 10 %,Не требуется,19,3850
49,АЛЬБЕНДАЗОЛ СУСПЕНЗИЯ 2,5%,Требуется,6,3900
50,АЛЬБЕНДАЗОЛ ТАБЛЕТКИ 18 %,Не требуется,7,5900
51,АЛЬВЕСОЛ,Не требуется,19,8000
52,АЛЬВЕТ,Требуется,11,2450
53,АЛЬВЕТ СУСПЕНЗИЯ,Не требуется,15,8400
54,АЛЬГАФЕРРИН,Требуется,9,6050
55,АЛЬФА ВЕТ,Требуется,7,9450
56,АЛЮМИНИУМ-СПРЕЙ,Требуется,19,4450
57,АМИДЕЛЬ-ГЕЛЬ,Требуется,15,9800
58,АМИЛОСУБТИЛИН Г3Х,Требуется,9,2050
59,АМИНОВИТАЛ,Требуется,11,8150
60,АМИПОЛ–Т,Не требуется,12,6000
61,АМИТ,Не требуется,25,8800
62,АМИТ ФОРТЕ,Требуется,12,3600
63,АМИТАН-1,Не требуется,9,5750
64,АМИТАН-2,Требуется,26,1050
65,АМИТАН-3,Требуется,19,8100
66,АМОКСИКЛАВ БОЛЮСЫ,Не требуется,23,7700
67,АМОКСИКЛАВ ПОРОШОК,Не требуется,11,3100
68,АМОКСИМАГ,Требуется,22,2350
69,АМОКСИСАН,Требуется,18,5300
70,АМОКСИЦИЛЛИН 10 % ПОРОШОК,Требуется,13,7750
71,АМОКСИЦИЛЛИН 15 %,Не требуется,24,6750
72,АМОКСИЦИЛЛИН 15%,Требуется,7,8150
73,АМОКСИЦИЛЛИН 150,Требуется,6,5600
74,АМОКСОИЛ РЕТАРД,Не требуется,17,8400
75,АМПРОБЕЛ,Не требуется,7,7450
76,АМПРОЛИУМ 30%,Не требуется,7,5050
77,АМПРОЛИУМ-25,Требуется,5,8050
78,АМУРИЛ 50 %,Не требуется,23,4000
79,АМУС,Требуется,9,3050
80,АНАЛЬГИВЕТ,Требуется,27,6700
81,АНАНДИН,Требуется,21,4950
82,АНАНДИН ПЛЮС,Не требуется,11,9600
83,АНЗАЦИКЛИН,Требуется,17,4050
84,АНОТЕН,Не требуется,29,2700
85,АНТИ-ФЛИ СПРЕЙ,Не требуется,23,7650
86,АНТИБАК 100,Не требуется,10,3300
87,АНТИБАК 250,Не требуется,27,1350
88,АНТИБАК 2500,Не требуется,13,10000
89,АНТИБАК 500,Требуется,5,3450
90,АНТИГЕНЫ ЯЩУРНЫЕ,Не требуется,15,7300
91,АНТИПАР,Не требуется,8,4000
92,АНТИСЕДАН,Не требуется,23,2400
93,АНТИФЛИ КАПЛИ ИНСЕКТО-АКАРИЦИДНЫЕ,Не требуется,20,8600
94,АПИАСК полоски,Не требуется,21,1900
95,АПИАСК порошок,Не требуется,9,5950
96,АПИГЕЛЬ,Не требуется,5,2750
97,АПИДЕЗ,Не требуется,29,7500
98,АПИЛИНОЛ,Требуется,10,1350
99,АПИМИЛ,Не требуется,17,5100
100,АПИРОЙ,Не требуется,19,6400
101,АПИСИЛ,Требуется,22,9050
102,АПИСТАН,Не требуется,27,7150
103,АПИСТИМ,Не требуется,16,7700
104,АПКАРД,Требуется,24,1350
105,АПОКВЕЛ,Не требуется,29,6950
106,АПРАМИЦИН,Не требуется,20,8900
107,АПРАМИЦИН ПОРОШОК,Требуется,5,1300
108,АПРАМИЦИНА СУЛЬФАТА 20% РАСТВОР,Требуется,16,8650
109,АПТЕРИН,Требуется,27,4050
110,АПТЕРИН-КОГОТЬ,Не требуется,13,7400
111,АРАТАМ-БРИКЕТЫ,Не требуется,27,3900
112,АРАТАМ-КОНЦЕНТРАТ,Не требуется,24,3450
113,АРАТАМ-ПРИМАНКА,Требуется,21,2200
114,АРГУМИСТИН 0,001% и 0,005%,Требуется,27,2350
115,АРМАЦИД,Не требуется,16,1800
116,АРТРОВЕТ КОМПЛЕКС,Не требуется,12,8500
117,АРТРОГЛИКАН,Требуется,15,4950
118,АСД – 2,Не требуется,23,9250
119,АСД – 3,Не требуется,22,8600
120,АСЕПТИК-МЛ,Требуется,16,9850
121,АСЕПТИК-СПЕЦИАЛЬ,Требуется,8,6850
122,АСЕПУР,Требуется,8,4200
123,АСК-70,Не требуется,24,3350
124,АСКОВЕТ,Не требуется,28,3250
125,АСКОНАЗОЛ,Не требуется,16,4100
126,АСКОПОЛ,Требуется,30,8500
127,АСКОСАН,Требуется,28,5800
128,АТИМПАНОЛ,Требуется,17,9000
129,АТОПИКА,Требуется,9,9450
130,АТРАУМАН АГ,Требуется,26,8500
131,АФАСЦИЛ,Не требуется,16,1900
132,АФЛОГИЛЕКС ГЕЛЬ 0.02 %,Требуется,25,8500
133,АФЛОГИЛЕКС РАСТВОР ДЛЯ ИНЪЕКЦИЙ 0.1 %,Не требуется,13,5700
134,АЦИДОКС,Не требуется,26,2350
135,АЦИЛОМАГ,Требуется,20,1100
136,АЭРАЛЬФАМ,Не требуется,17,8050
137,БАБЕЗАН 4% и 12% РАСТВОР ДЛЯ ИНЬЕКЦИЙ,Не требуется,5,4950
138,БАЙКОКС 2,5%,Требуется,27,6950
139,БАЙКОКС 5%,Требуется,8,6100
140,БАЙМАЙТ,Требуется,20,3450
141,БАЙМЕК,Не требуется,26,5700
142,БАЙМИЦИН АЭРОЗОЛЬ,Не требуется,20,4700
143,БАЙОКЛАВ IMM LC,Не требуется,9,9550
144,БАЙОКЛОКС DC,Не требуется,18,5650
145,БАЙОФЛАЙ ПУР-ОН,Не требуется,26,4500
146,БАЙТЕКС 40 % С. П.,Не требуется,22,1850
147,БАЙТРИЛ 10 % Раствор для инъекций,Не требуется,10,9800
148,БАЙТРИЛ 10 % Раствор для орального применения,Не требуется,20,4400
149,БАЙТРИЛ 2,5 %,Не требуется,14,1800
150,БАЙТРИЛ 5 %,Требуется,10,6100
151,БАЙТРИЛ МАКС 10 % Раствор для инъекций,Не требуется,26,4400
152,БАЙЦИДАЛ ВП 25,Требуется,30,6900
153,БАКСИН,Требуется,5,5450
154,БАКТОНЕОТИМ,Не требуется,29,6650
155,БАКТОПОЛ,Требуется,12,4000
156,БАЛЬЗАМ БАКТИВЕТ С АСД,Не требуется,16,7650
157,БАЛЬЗАМ ДОРОГОВОЙ,Требуется,22,2350
158,БАЛЬЗАМ-ОПОЛАСКИВАТЕЛЬ ЛЕСНОЙ,Требуется,12,3600
159,БАЛЬЗАМ-ОПОЛАСКИВАТЕЛЬ МОРСКОЙ,Требуется,20,4500
160,БАРС КАПЛИ ИНСЕКТО-АКАРИЦИДНЫЕ,Не требуется,5,5350
161,БАРС КАПЛИ УШНЫЕ,Требуется,17,4150
162,БАРС ЛОСЬОН ДЛЯ ЧИСТКИ УШЕЙ,Не требуется,27,1000
163,БАРС ОШЕЙНИК ИНСЕКТО-АКАРИЦИДНЫЙ,Требуется,27,9200
164,БАРС СПРЕЙ ИНСЕКТО-АКАРИЦИДНЫЙ,Не требуется,22,3900
165,БАРС ФОРТЕ КАПЛИ ИНСЕКТО-АКАРИЦИДНЫЕ,Не требуется,10,8300
166,БАРС ФОРТЕ КАПЛИ УШНЫЕ,Требуется,17,4950
167,БАЦИЛИХИН,Не требуется,16,4550
168,БЕЙСИК,Требуется,30,3500
169,БЕНЗИЛПЕНИЦИЛЛИН НАТРИЕВАЯ СОЛЬ,Требуется,16,6000
170,БЕСТ ИН ШОУ,Требуется,30,7950
171,БЕТАМОКС LA,Не требуется,21,7000
172,БЕТАФИН S1,Требуется,14,4350
173,БИАНОЛ,Не требуется,11,5350
174,БИВАРООЛ,Требуется,6,7500
175,БИВЕРМЕКТИН,Не требуется,13,1500
176,БИЛОЗИН-200,Требуется,9,1650
177,БИМЕКТИН,Требуется,26,9000
178,БИМОКСИЛ LА,Не требуется,6,9650
179,БИНАКАР,Требуется,20,5350
180,БИО-МОС,Требуется,29,6650
181,БИОВАК,Не требуется,7,8050
182,БИОВЕРМИН ПОРОШОК,Не требуется,12,7950
183,БИОВЕТАЛЬГИН инъекционный,Не требуется,22,9400
184,БИОВИТ,Не требуется,10,9350
185,БИОВИТ Р-150,Требуется,18,9450
186,БИОГЕЛЬ 10,Не требуется,14,3850
187,БИОГЕЛЬ 5,Требуется,24,5750
188,БИОЗОЛЬ,Требуется,23,1150
189,БИОКОРРЕКТОР РД,Не требуется,13,9050
190,БИОЛИЗ,Не требуется,15,8300
191,БИОЛИЗИН АРТРО ДЛЯ ДОГООБРАЗНЫХ ПОРОД,Не требуется,23,3650
192,БИОЛИЗИН АРТРО ДЛЯ ОХОТНИЧЬИХ И СЛУЖЕБНО-СПОРТИВНЫХ ПОРОД,Не требуется,20,6200
193,БИОМЕТРОСАНИТ,Не требуется,7,6800
194,БИОНОР,Требуется,15,1600
195,БИОПЛЮС 2Б,Требуется,30,4550
196,БИОР-1,Не требуется,7,1700
197,БИОР-Н,Не требуется,28,9900
198,БИОРЕКС-ГХ,Требуется,22,7350
199,БИОРИТМ-КОНТРОЛЬ,Не требуется,8,4150
200,БИОСАНИТ,Не требуется,12,4400
201,БИОСОЛВ ПЛЮС,Не требуется,17,8150
202,БИОТЕК,Требуется,20,2300
203,БИОФАРМ-120,Требуется,15,8650
204,БИОФОМ,Требуется,29,8700
205,БИОЦЕФИТ,Требуется,21,2250
206,БИПИН,Требуется,29,3350
207,БИПИН-Т,Требуется,28,6250
208,БИФИДУМ-СХЖ,Не требуется,6,2800
209,БЛОХНЭТ КАПЛИ ИНСЕКТО-АКАРИЦИДНЫЕ,Требуется,23,8600
210,БЛОХНЭТ СПРЕЙ ИНСЕКТО-АКАРИЦИДНЫЙ,Не требуется,27,1000
211,БОЛЬФО АЭРОЗОЛЬ,Не требуется,26,8850
212,БОЛЬФО ПУДРА,Требуется,29,2400
213,БОЛЬФО ШАМПУНЬ,Требуется,30,4450
214,БОНХАРЕН,Требуется,7,9050
215,БОНХАРЕН ФОРТЕ,Требуется,9,7350
216,БРАВЕКТО,Не требуется,27,7950
217,БРАВЕКТО СПОТ ОН,Не требуется,12,3850
218,БРАНОЛИНД Н,Требуется,12,8100
219,БРОМКОЛИН,Не требуется,25,8250
220,БРОМОДОКС,Не требуется,29,4850
221,БРОМОСЕПТ-50,Не требуется,23,6450
222,БУТОКС 50,Требуется,14,5000
223,БУТОКС 7.5,Не требуется,12,5400
224,ДАНА КАПЛИ ИНСЕКТО-АКАРИЦИДНЫЕ,Не требуется,19,9700
225,ДАНА СПРЕЙ ИНСЕКТО-АКАРИЦИДНЫЙ,Не требуется,24,2550
226,ДАНА УЛЬТРА КАПЛИ ИНСЕКТО-АКАРИЦИДНЫЕ,Требуется,7,1650
227,ДАНА УЛЬТРА ОШЕЙНИК ПРОТИВОПАРАЗИТАРНЫЙ,Требуется,20,2500
228,ДЕГОТЬ,Требуется,14,7250
229,ДЕЗ-1,Не требуется,11,7700
230,ДЕЗАМИН,Требуется,26,2200
231,ДЕЗАЦИД,Не требуется,7,1700
232,ДЕЗИНПОЛ,Не требуется,8,9600
233,ДЕЗИНФЕКСАН,Требуется,9,4550
234,ДЕКОР-1,Требуется,23,4400
235,ДЕКОР-2,Не требуется,19,6500
236,ДЕКСАВЕТ 0,4%,Требуется,12,9900
237,ДЕКСАФОРТ,Требуется,21,6400
238,ДЕКТА,Не требуется,21,2300
239,ДЕКТА-2,Не требуется,9,9050
240,ДЕКТОМАКС,Требуется,27,6900
241,ДЕЛЕГОЛЬ,Требуется,24,2450
242,ДЕМОС,Не требуется,27,1450
243,ДеМоС,Требуется,8,2200
244,ДЕМОС-ЛЮКС,Требуется,29,5850
245,ДЕНАГАРД 10 % ПОРОШОК,Не требуется,9,8100
246,ДЕННИЦА ГЕЛЬ,Требуется,20,5350
247,ДЕНТАВЕДИН,Не требуется,28,4100
248,ДЕПОЛЕН,Не требуется,10,4850
249,ДЕРАТ ТВЕРДЫЕ БРИКЕТЫ,Требуется,9,6500
250,ДЕРМАТОЗОЛЬ,Не требуется,23,3350
251,ДЕРМИКОЦИД,Не требуется,15,7400
252,ДЕТОКС,Не требуется,8,9400
253,ДЕФТОРФОСФАТ КОРМОВОЙ,Требуется,25,8500
254,ДЕХИНЕЛ ПЛЮС ДЛЯ СОБАК,Не требуется,17,5200
255,ДЕХИНЕЛ ПЛЮС ДЛЯ СОБАК СО ВКУСОМ МЯСА,Требуется,17,3300
256,ДЖИМКЕТ УРИНАРИ ПАСТА,Требуется,14,8350
257,ДИАГЕЛЬ,Не требуется,28,4650
258,ДИАГНОСТИКУМЫ ЭРИТРОЦИТАРНЫЕ ТИПОСПЕЦИФИЧЕСКИЕ,Требуется,23,9800
259,ДИАЗИНОН С,Требуется,19,9100
260,ДИАРИН,Требуется,19,6200
261,ДИАРКАН,Требуется,20,5350
262,ДИГИТОН капли,Требуется,17,2700
263,ДИЕНОМАСТ,Не требуется,25,7400
264,ДИЗПАРКОЛ,Не требуется,19,3050
265,ДИКЛАКОКС ФОРТЕ,Не требуется,12,2550
266,ДИКСАМ,Требуется,30,3300
267,ДИОКСИДИН 1 % РАСТВОР,Требуется,30,4450
268,ДИОКСИЛАН 1 % РАСТВОР,Требуется,28,3750
269,ДИОМЕТР,Не требуется,10,8950
270,ДИОФУР,Требуется,12,6200
271,ДИПАЛ КОНЦЕНТРАТ,Не требуется,15,1000
272,ДИПЕНТАВАК,Не требуется,8,7950
273,ДИПРОВАН,Не требуется,20,3950
274,ДИПРОКАРБ,Требуется,12,8450
275,ДИРОНЕТ СУСПЕНЗИЯ,Требуется,26,6200
276,ДИРОФЕН ТАБЛЕТКИ,Требуется,29,3100
277,ДИРОФЕН-ПАСТА,Требуется,27,3750
278,ДИРОФЕН-СУСПЕНЗИЯ,Требуется,26,7300
279,ДИТРИМ,Требуется,23,9600
280,ДИТРИМ ПОРОШОК,Не требуется,9,3900
281,ДИФЕНАЦИН 1 % МАСЛЯНЫЙ РАСТВОР (МРД),Требуется,16,8500
282,ДИФЕНАЦИН СУБСТАНЦИЯ,Не требуется,26,8600
283,ДИФУМАСТ,Не требуется,28,3150
284,ДИФУР,Не требуется,18,5250
285,ДИФУРОЛ А,Требуется,10,5550
286,ДИФУРОЛ Б,Не требуется,29,2600
287,ДМ СИД-С,Не требуется,28,1550
288,ДОБРОГРЫЗЯ,Не требуется,14,1600
289,ДОБРОКОТЯ,Не требуется,13,7250
290,ДОБРОПЁСА,Требуется,13,4050
291,ДОКСИВИТ 10 %,Требуется,22,2500
292,ДОКСИКЛИН 20 %,Не требуется,10,9550
293,ДОКСИЛОКС,Требуется,29,2600
294,ДОКСИМАГ,Не требуется,30,3350
295,ДОКСИМАГ-О,Не требуется,26,6250
296,ДОКСИМЕТРИН,Не требуется,8,7000
297,ДОМИТОР,Требуется,25,6500
298,ДОРБЕН,Не требуется,20,6050
299,ДОРИН,Требуется,15,8600
300,ДОРИН-Р,Не требуется,9,8350
301,ДОСАЛИД,Требуется,28,4900
302,ДОСТИМ,Не требуется,29,8350
303,ДП 2,Требуется,22,1950
304,ДП-2Т,Не требуется,15,2000
305,ДРАКСИН,Не требуется,21,9150
306,ДРОЖЖИ ПИВНЫЕ,Требуется,23,2250
307,ДРОЖЖИ-СФК,Не требуется,30,7300
308,ДРОНТАЛ ДЖУНИОР,Требуется,8,2950
309,ДРОНТАЛ,Не требуется,20,8300
310,ДРОНТАЛ ПЛЮС,Требуется,21,6200
311,ДЮФАЛАЙТ,Требуется,7,1500
312,КEТОНИЛ,Не требуется,22,8550
313,КАЙОД,Не требуется,24,6200
314,КАЛИЯ ЙОДАТ СУБСТАНЦИЯ,Не требуется,10,10000
315,КАЛИЯ ЙОДИД СУБСТАНЦИЯ,Не требуется,26,9050
316,КАЛЬВОМИЛК-12,Не требуется,25,6900
317,КАЛЬВОМИЛК-16,Требуется,19,7550
318,КАЛЬФОСЕТ,Не требуется,25,6050
319,КАЛЬФОСТОНИК,Не требуется,20,2000
320,КАЛЬЦЕНОН,Требуется,14,9500
321,КАЛЬЦЕФИТ-1,Не требуется,7,2300
322,КАЛЬЦЕФИТ-14,Требуется,23,4650
323,КАЛЬЦЕФИТ-15,Требуется,8,5200
324,КАЛЬЦИТАТ С50,Требуется,7,9550
325,КАЛЬЦИЯ БОРГЛЮКОНАТ (МАГ),Требуется,17,3700
326,КАЛЬЦИЯ БОРГЛЮКОНАТ (Нита),Требуется,21,6850
327,КАМЕДОН,Не требуется,22,5050
328,КАНАМИЦИН 10 %,Требуется,26,8400
329,КАНИАГИЛ,Требуется,20,9450
330,КАНИГЕН DHA2PPi/L,Требуется,19,1500
331,КАНИГЛО,Требуется,18,4150
332,КАНИКВАНТЕЛ ПЛЮС,Требуется,11,4050
333,КАНИНСУЛИН,Не требуется,16,9250
334,КАНТАРЕН РАСТВОР ДЛЯ ИНЪЕКЦИЙ,Требуется,22,8050
335,КАНТАРЕН ТАБЛЕТКИ,Требуется,13,6450
336,КАПЛИ ГЛАЗНЫЕ БАРС,Требуется,7,7350
337,КАПЛИ ГЛАЗНЫЕ ИРИС,Требуется,26,1400
338,КАПЛИ ГЛАЗНЫЕ ЦИПРОВЕТ,Требуется,25,4800
339,КАПЛИ ГЛАЗНЫЕ-ИНТРАНАЗАЛЬНЫЕ АНАНДИН,Требуется,7,2800
340,КАПЛИ УШНЫЕ АНАНДИН,Не требуется,12,7050
341,КАРДАЛИC,Не требуется,21,5600
342,КАРНИВАК-КОВ,Не требуется,23,6050
343,КАРОЛИН +Se,Не требуется,22,7050
344,КАРОФЕРТИН,Требуется,5,2650
345,КАРСУЛЕН,Не требуется,18,2700
346,КАТОБЕВИТ,Не требуется,17,3600
347,КАТОЗАЛ,Требуется,19,3950
348,КАФОРСЕН РАСТВОР ДЛЯ ИНЪЕКЦИЙ,Не требуется,17,7750
349,КАФОРСЕН РАСТВОР ДЛЯ ПЕРОРАЛЬНОГО ПРИМЕНЕНИЯ,Требуется,11,7000
350,КАФОРСЕН ТАБЛЕТКИ,Требуется,24,6550
351,КВАДРИКАТ,Не требуется,24,4100
352,КВАДРИСОЛ 5,Требуется,13,1600
353,КВИВИТАН,Не требуется,28,4450
354,КВИК БАЙТ ВГ 10,Не требуется,23,5200
355,КВИНОКОЛ,Требуется,26,3750
356,КЕНОТЕСТ,Требуется,19,8300
357,КЕНТАВР, ЛОСЬОН-СПРЕЙ РЕПЕЛЛЕНТНОЕ СРЕДСТВО,Требуется,26,6200
358,КЕТОКВИН 1% и 10%,Не требуется,7,6200
359,КЕТОПРОФ,Не требуется,9,6100
360,КЕТОПРОФЕН 10%,Не требуется,5,7700
361,КЕТОФЕН 1%,Требуется,21,1200
362,КЕТОФЕН ТАБЛЕТКИ,Не требуется,6,2550
363,КИЛТИКС ОШЕЙНИК,Не требуется,21,4900
364,КИНОРОН,Требуется,18,8850
365,КЛАВАСЕПТИН,Не требуется,13,9850
366,КЛЕЕЛОВ КЛЕЙ,Не требуется,30,3250
367,КЛЕЕЛОВ ЛИПКАЯ ЛЕНТА,Требуется,26,1950
368,КЛЕЕЛОВ ЛИПКАЯ ПЛАСТИНА,Не требуется,11,4950
369,КЛЕТКИ КРОВИ АЭРОЗОЛЬНОЙ СУШКИ АР-301,Требуется,21,7300
370,КЛИНАФАРМ СПРЕЙ,Не требуется,30,7500
371,КЛИНДАСПЕКТИН ВОДОРАСТВОРИМЫЙ ПОРОШОК,Не требуется,20,3300
372,КЛИНДАСПЕКТИН РАСТВОР ДЛЯ ИНЪЕКЦИЙ,Не требуется,26,8800
373,КЛОВЕРМ,Требуется,23,3350
374,КЛОЗАЛЬБЕН-10,Не требуется,30,8650
375,КЛОЗАНТЕКС,Не требуется,8,1600
376,КЛОЗАНТИН,Требуется,30,9050
377,КЛОКСАМАСТ,Требуется,16,6150
378,КОБАКТАН,Требуется,29,7300
379,КОБАКТАН LC,Не требуется,18,6450
380,КОВЕРТАЛ РАСТВОР ДЛЯ ИНЪЕКЦИЙ,Не требуется,27,9600
381,КОВИНАН,Требуется,20,2150
382,КОВИТСАН,Не требуется,20,5850
383,КОКЦИДИН-10,Требуется,11,8850
384,КОКЦИСАН 12 %,Не требуется,20,1050
385,КОЛИГЕН Г-100,Не требуется,20,1750
386,КОЛИДОКС,Не требуется,14,4600
387,КОЛИМАСТ,Требуется,15,5100
388,КОЛИНГОР,Требуется,20,7300
389,КОЛМИК-Е,Не требуется,22,8200
390,КОМБОВАК,Не требуется,10,2850
391,КОМБОВАК-К,Не требуется,17,5600
392,КОМПЛЕКС В,Не требуется,17,7800
393,КОМПЛЕКС ВИТАМИНОВ А Д3 Е В МАСЛЕ,Требуется,24,6550
394,КОМУЛИН,Не требуется,13,4300
395,КОНВЕНИЯ,Не требуется,25,9050
396,КОРМ ЭЛИТА,Требуется,5,3700
397,КОРТАВАНС,Не требуется,11,3400
398,КОСТОЧКА,Не требуется,7,8650
399,КОТ БАЮН РАСТВОР,Требуется,5,8650
400,КОТ БАЮН ТАБЛЕТКИ,Требуется,13,4000
401,КОТЭРВИН,Требуется,14,4050
402,КОФЕИН-БЕНЗОАТ НАТРИЯ 20 %,Не требуется,11,3850
403,КОФЕИН-БЕНЗОАТ НАТРИЯ 20 %,Требуется,21,4500
404,КОЦЕФЕН 200,Требуется,27,8550
405,КРЕМ ЗАЩИТНЫЙ ЗАБОТА,Не требуется,17,4700
406,КРЕМ КОПЫТНЫЙ КОСМЕТИЧЕСКИЙ ДЛЯ ЛОШАДЕЙ,Не требуется,22,4500
407,КРЕМ КОСМЕТИЧЕСКИЙ НОЧКА С ДУШИЦЕЙ И ШИПОВНИКОМ,Не требуется,21,1950
408,КРЕМ КОСМЕТИЧЕСКИЙ НОЧКА С РОМАШКОЙ И КАЛЕНДУЛОЙ,Требуется,7,8750
409,КРЕМ ЛАБДОЛЕНОВЫЙ,Не требуется,24,4100
410,КРЕМ «НЕЖНОСТЬ»,Требуется,8,3050
411,КРЕОЛИН БЕСФЕНОЛЬНЫЙ КАМЕННОУГОЛЬНЫЙ,Не требуется,21,8050
412,КРЕОЛИН-Д,Не требуется,26,9500
413,КРЕОЛИН-Х,Не требуется,19,8750
414,КСИДИКОЛЬ СПРЕЙ,Не требуется,30,8050
415,КСИКЛАВ СУСПЕНЗИЯ,Требуется,11,7350
416,КСИКЛАВ ТАБЛЕТКИ,Не требуется,26,8650
417,КСИЛА,Требуется,7,9250
418,КСИЛАНАЗА,Требуется,15,9250
419,КСИЛАНИТ,Требуется,17,1950
420,МАГКОЛИСТИН,Не требуется,29,1300
421,МАГЭСТРОЛ,Не требуется,23,9500
422,МАГЭСТРОФАН,Требуется,5,3400
423,МАДИКОКС,Не требуется,14,7650
424,МАЗЬ АВЕРСЕКТИНОВАЯ,Не требуется,30,4650
425,МАЗЬ АКАМИКСАН,Не требуется,7,7700
426,МАЗЬ АНАНДИН,Не требуется,19,1150
427,МАЗЬ БИОСЕПТИН,Требуется,29,9100
428,МАЗЬ ДЛЯ ОБРАБОТКИ ИНФИЦИРОВАННЫХ РАН,Требуется,29,1750
429,МАЗЬ ИХТИОЛОВАЯ,Требуется,17,4000
430,МАЗЬ ИХТИОЛОВАЯ,Не требуется,7,8900
431,МАЗЬ КАМФОРНАЯ 10%,Не требуется,15,4350
432,МАЗЬ ЛАНТАВЕТ,Требуется,8,2100
433,МАЗЬ ЛЕВОМЕКОЛЬ,Требуется,28,8650
434,МАЗЬ ПИХТОИН,Не требуется,14,9350
435,МАЗЬ ПИХТОИНОВАЯ,Требуется,5,3900
436,МАЗЬ САЛИЦИЛОВАЯ,Требуется,6,6600
437,МАЗЬ СЕРНАЯ ПРОСТАЯ,Требуется,27,6800
438,МАЗЬ СЕРНО-ДЕГТЯРНАЯ,Требуется,19,9350
439,МАЗЬ СТРЕПТОЦИДОВАЯ (Агрофарм),Требуется,26,4000
440,МАЗЬ СТРЕПТОЦИДОВАЯ (ЗВП),Не требуется,12,6200
441,МАЗЬ СТРЕПТОЦИДОВАЯ (Фармакс),Требуется,7,1250
442,МАЗЬ ТЕТРАЦИКЛИНОВАЯ 3 %,Не требуется,23,5850
443,МАЗЬ ФАРМАЙОДНАЯ АНТИСЕПТИЧЕСКАЯ,Не требуется,25,2100
444,МАЗЬ ЦИНКОВАЯ (Unguentum Zinci),Не требуется,25,5800
445,МАЗЬ ЭРИТРОМИЦИНОВАЯ,Не требуется,14,8750
446,МАЗЬ ЯМ,Требуется,5,6900
447,МАЗЬ ЯМ БК,Требуется,25,9250
448,МАЗЬ ЯХАЛИМП,Не требуется,19,2850
449,МАКРОЛАН WS,Не требуется,30,6700
450,МАКСИДИН 0.15,Требуется,11,6850
451,МАКСИДИН 0.4,Требуется,14,4400
452,МАЛЬТ-ПАСТА,Не требуется,15,5450
453,МАПРЕЛИН ХР10 ВЕЙКС,Не требуется,16,8550
454,МАРБОЦИН,Не требуется,11,4300
455,МАРУКОКС 1 %,Не требуется,24,1950
456,МАРФЛОКСИН 10% РАСТВОР,Не требуется,7,9150
457,МАРФЛОКСИН 2% РАСТВОР,Не требуется,6,4450
458,МАРФЛОКСИН ТАБЛЕТКИ,Требуется,12,4900
459,МАСЛО КАМФОРНОЕ 10 %,Требуется,11,2100
460,МАСТЕНИТ,Не требуется,7,2200
461,МАСТИВЕКС,Требуется,30,2500
462,МАСТИЕТ ГОЛД,Требуется,14,6300
463,МАСТИЕТ ФОРТЕ,Требуется,23,3550
464,МАСТИЛЕКС,Требуется,26,8100
465,МАСТИНОЛ,Не требуется,18,9000
466,МАСТИСАН А,Не требуется,24,3850
467,МАСТИСЕПТ,Не требуется,28,9750
468,МАСТИСЕПТ-А,Требуется,24,8300
469,МАСТОМЕТРИН РАСТВОР ДЛЯ ИНЪЕКЦИЙ,Не требуется,6,9800
470,МАСТОМИЦИН,Требуется,22,7850
471,МАСТОСАНИТ,Не требуется,28,8150
472,МЕДИЦИЛАТ,Не требуется,7,6850
473,МЕКСИДОЛ-ВЕТ РАСТВОР ДЛЯ ИНЪЕКЦИЙ,Не требуется,20,7850
474,МЕКСИДОЛ-ВЕТ ТАБЛЕТКИ,Не требуется,27,7900
475,МЕЛ КОРМОВОЙ,Не требуется,28,7100
476,МЕЛОКСИВЕТ 0.2%,Требуется,25,9450
477,МЕЛОКСИДИЛ,Требуется,21,4550
478,МЕРАДОК,Требуется,17,6550
479,МЕСАЛИН,Требуется,8,2000
480,МЕТАБОЛАЗА,Не требуется,26,6800
481,МЕТРАМАГ,Требуется,20,7150
482,МЕТРАФУР,Не требуется,8,9400
483,МЕТРИКУР,Не требуется,18,6150
484,МЕТРОНИД 50,Требуется,10,4750
485,МЕТРОНИДАЗОЛ,Требуется,11,4750
486,МЕТРОНИДАЗОЛ ТАБЛЕТКИ,Не требуется,28,1900
487,МЕТРОСЕПТ,Не требуется,9,1150
488,МИЗОФЕН МАЗЬ,Не требуется,25,6150
489,МИЗОФЕН-Ф,Не требуется,6,8600
490,МИКОАСК гель,Не требуется,5,1300
491,МИКОАСК полоски,Требуется,20,2750
492,МИКОДЕМОЦИД,Требуется,16,7650
493,МИКОЗОЛ,Не требуется,7,8300
494,МИКОСОРБ,Не требуется,27,1150
495,МИКРОВИТАМ,Не требуется,29,4600
496,МИКСОФЕРОН,Требуется,11,1700
497,МИЛОКЛОКС LA,Не требуется,17,6350
498,МИЛПРАЗОН ТАБЛЕТКИ ДЛЯ КОШЕК,Требуется,25,6550
499,МИЛПРАЗОН ТАБЛЕТКИ ДЛЯ СОБАК,Не требуется,13,2500
500,МИЛЬБЕМАКС ЖЕВАТЕЛЬНЫЕ ТАБЛЕТКИ,Требуется,10,6650
501,МИЛЬБЕМАКС ТАБЛЕТКИ,Требуется,28,5700
502,МИЛЬПРО ДОГ,Требуется,14,3500
503,МИЛЬПРО КЭТ,Требуется,14,7650
504,МИНКОВАК,Не требуется,29,2050
505,МИНКОВАК 2,Не требуется,16,3250
506,МИНКОВАК 3,Не требуется,17,2050
507,МИНКОВАК В,Не требуется,17,9350
508,МИНКОВАК Е,Требуется,19,8700
509,МИНКОВАК Р,Не требуется,13,3150
510,МИСС КИСС КАПЛИ ИНСЕКТО-АКАРИЦИДНЫЕ,Требуется,20,5150
511,МИСС КИСС ПАЛОЧКИ ВАТНЫЕ ИНТЕНСИВНАЯ ЗАЩИТА,Не требуется,29,4350
512,МИСС КИСС ПАЛОЧКИ ВАТНЫЕ ИНТЕНСИВНАЯ ЗАЩИТА,Не требуется,27,5650
513,МИСС КИСС ШАМПУНЬ-КОНДИЦИОНЕР ГРАЦИОЗНЫЙ СФИНКС,Требуется,20,3000
514,МИСС КИСС ШАМПУНЬ-КОНДИЦИОНЕР ИЗЯЩНАЯ ПАНТЕРА,Требуется,16,6150
515,МИСС КИСС ШАМПУНЬ-КОНДИЦИОНЕР ПУШИСТЫЙ ХВОСТИК,Требуется,21,1500
516,МИСС КИСС ШАМПУНЬ-КОНДИЦИОНЕР РОСКОШНАЯ ЛЬВИЦА,Требуется,17,4650
517,МИСТЕР БРУНО СПРЕЙ,Не требуется,19,5200
518,МИСТЕР БРУНО КАПЛИ ИНСЕКТО-АКАРИЦИДНЫЕ,Требуется,21,7050
519,МИСТЕР БРУНО ШАМПУНЬ ИНСЕКТИЦИДНЫЙ,Не требуется,16,6000
520,МИСТЕР БРУНО ШАМПУНЬ-КОНДИЦИОНЕР ГЛЯНЦЕВЫЙ БЛЕСК,Требуется,23,2700
521,МИСТЕР БРУНО ШАМПУНЬ-КОНДИЦИОНЕР ЖЕСТКИЙ СТИЛЬ,Не требуется,27,2000
522,МИСТЕР БРУНО ШАМПУНЬ-КОНДИЦИОНЕР МЯГКИЙ ПЛЮШ,Требуется,29,2750
523,МИСТЕР БРУНО ШАМПУНЬ-КОНДИЦИОНЕР НЕЖНЫЙ БАРХАТ,Не требуется,12,3850
524,МИСТЕР БРУНО ШАМПУНЬ-КОНДИЦИОНЕР ПОСЛУШНЫЙ ШЕЛК,Не требуется,28,3800
525,МИСТЕР БРУНО ШАМПУНЬ-КОНДИЦИОНЕР ПУШИСТОЕ ОБЛАКО,Не требуется,8,1150
526,МИСТЕР БРУНО ЭКСТРА КАПЛИ,Не требуется,20,7650
527,МОЛД-ЗАП,Не требуется,18,5700
528,МОНЕНЗИН 10 %,Не требуется,15,1300
529,МОНЕНЗИН 20 %,Не требуется,21,6800
530,Монж Диета,Не требуется,29,1200
531,МОНИЗЕН,Требуется,21,8200
532,МОНЛАР 10 %,Требуется,21,1700
533,МРД-0.6,Требуется,25,6600
534,МСТА,Не требуется,28,2500
535,МУЛЬТИБАЙ IMM,Не требуется,19,1100
536,МУЛЬТИБАКТЕРИН ОМЕГА-10,Требуется,24,6600
537,МУЛЬТИВИТ,Требуется,25,3700
538,МУЛЬТИВИТАМИН ИНЪЕКЦИИ,Не требуется,19,5850
539,МУЛЬТИВИТАМИН ИНЪЕКЦИОННЫЙ,Требуется,26,1050
540,МУЛЬТИКАН-1,Требуется,9,6750
541,МУЛЬТИКАН-2,Не требуется,5,1650
542,МУЛЬТИКАН-4,Не требуется,30,9450
543,МУЛЬТИКАН-6,Требуется,9,1800
544,МУЛЬТИКАН-7,Требуется,21,2000
545,МУЛЬТИКАН-8,Требуется,22,2300
546,МУЛЬТИМАС,Не требуется,6,5000
547,МУЛЬТИМАСТ DC,Не требуется,20,4600
548,МУЛЬТИФЕЛ-4,Не требуется,27,1050
549,МУРАВЬИНКА,Не требуется,13,8100
550,МЭК-СХ-1,Не требуется,17,3950
551,МЭК-СХ-1,Требуется,27,3150
552,МЭК-СХ-2,Требуется,22,9150
553,МЭК-СХ-2,Не требуется,10,1300
554,МЭК-СХ-3,Не требуется,29,1750
555,МЭК-СХ-3,Требуется,11,1100
556,ПАНАКУР ГРАНУЛЯТ,Не требуется,8,2200
557,ПАНАКУР ПАСТА,Не требуется,19,7400
558,ПАНДЕКС 1 %,Не требуется,10,1650
559,ПАНОЛОГ мазь,Требуется,19,1600
560,ПАРАСТОП,Требуется,8,2450
561,ПАСТА АЛЕЗАН,Требуется,23,3400
562,ПАУДОКС,Требуется,22,5400
563,ПДЭ, ПЛАЦЕНТА ДЕНАТУРИРОВАННАЯ ЭМУЛЬГИРОВАННАЯ,Требуется,23,6000
564,ПЕКСИОН,Не требуется,22,9800
565,ПЕНБЕКС,Не требуется,13,8250
566,ПЕНОФУР,Требуется,23,5500
567,ПЕНСТРЕП,Не требуется,13,2050
568,ПЕНСТРЕП 400 ЛА,Не требуется,17,6550
569,ПЕРКУТАН,Не требуется,25,6950
570,ПЕРОЛ-А,Требуется,5,3700
571,ПЕТКАМ ТАБС,Требуется,23,4500
572,ПЕХА-ХАФТ,Не требуется,16,6150
573,ПИМОПЕТ,Не требуется,24,2700
574,ПИРО-СТОП,Не требуется,21,9300
575,ПИРОСАН,Не требуется,12,9650
576,ПИХТОВИТИН,Не требуется,29,7650
577,ПЛАЗМА КРОВИ АЭРОЗОЛЬНОЙ СУШКИ АР-820,Требуется,17,4450
578,ПЛАЦЕНТА ДЕНАТУРИРОВАННАЯ ЭМУЛЬГИРОВАННАЯ,Не требуется,22,9250
579,ПЛЕРИОН,Требуется,18,1500
580,ПЛЮСЕТ,Требуется,11,6700
581,ПНЕВМЕКВИН,Требуется,19,9800
582,ПНЕВМОСТОП,Не требуется,10,6450
583,ПОЛИВАЛЕНТНАЯ ФОРМОЛВАКЦИНА,Требуется,24,4200
584,ПОЛИГЕН РАСТВОР,Не требуется,21,7600
585,ПОЛИГЕН СУХОЙ,Не требуется,5,9000
586,ПОЛИДЕКС ПОЛИВИТ – КАЛЬЦИЙ ПЛЮС,Не требуется,23,1250
587,ПОЛИДЕКС ПРОТЕВИТ ПЛЮС,Не требуется,29,4200
588,ПОЛИДЕКС СУПЕР ШЕРСТЬ ПЛЮС,Не требуется,11,9650
589,ПОЛИКАНИГЛОБ,Не требуется,12,3150
590,ПОЛИМИКСИНА М СУЛЬФАТ,Не требуется,15,2400
591,ПОЛИОКСИДОНИЙ-ВЕТ РАСТВОР,Не требуется,10,3550
592,ПОЛИРИБОНАТ,Не требуется,21,2700
593,ПОЛИСАН,Не требуется,26,4300
594,ПОЛИСОЛИ МИКРОЭЛЕМЕНТОВ,Требуется,30,5550
595,ПОЛИСОРБ ВП,Требуется,10,7300
596,ПОЛЬОДОКСИН,Не требуется,5,3850
597,ПОРЗИМ 8100,Не требуется,8,7000
598,ПОРЗИМ 8300,Не требуется,24,5450
599,ПОРЗИМ 9100,Не требуется,24,7150
600,ПОРЗИМ 9300,Не требуется,16,9700
601,ПОРЗИМ ТП100,Требуется,19,6250
602,ПОРКОМИЛК,Не требуется,23,3750
603,ПОРОШОК СПИРУЛИНА,Требуется,27,7450
604,ПОРЦИЛИС ВРМ,Не требуется,8,5700
605,ПОРЦИЛИС КОЛИ,Требуется,15,6850
606,ПРАЗИВЕР,Требуется,26,7400
607,ПРАЗИМЕК-D,Не требуется,29,9600
608,ПРАЗИМЕК-С,Требуется,23,9300
609,ПРЕМИКС РЯБУШКА (0.5%),Требуется,6,5400
610,ПРЕМИКС РЯБУШКА (1 %),Не требуется,28,5250
611,ПРЕМИКС СОЛНЫШКО (0.5 %),Не требуется,11,9750
612,ПРЕМИКСЫ-КОНЦЕНТРАТЫ КЛАДЕЗЬ,Требуется,28,3300
613,ПРЕНОЛАКТ-ПОРОШОК,Не требуется,12,5050
614,ПРИМАЛАКТ,Требуется,26,8200
615,ПРОГЕСТАМАГ,Не требуется,8,4350
616,ПРОДАКТИВ ФОРТЕ,Не требуется,15,7750
617,ПРОКОКС,Требуется,9,5600
618,ПРОПАЛИН,Требуется,22,9350
619,ПРОТЕКФЛЮ,Требуется,28,6400
620,ПРОТЕКФЛЮ ТЕ,Требуется,23,1650
621,ПРОТОСУБТИЛИН Г3Х,Требуется,29,1300
622,ПРОФЕНДЕР,Требуется,18,7400
623,ПУЛЬМАМАГ,Не требуется,17,1450
624,ПУЛЬМОКИТ,Не требуется,20,5950
625,ПУРЕВАКС RCP,Требуется,14,6900
626,ПУРЕВАКС RCPCh,Не требуется,11,6850
627,ПЧЕЛИТ,Требуется,8,5750
628,ПЧЕЛОДАР,Требуется,9,2650
629,РАББИВАК-V,Требуется,30,5600
630,РАББИВАК-В,Не требуется,9,4600
631,РАБИГЕН МОНО,Не требуется,26,5400
632,РАБИЗИН,Требуется,28,3950
633,РАБИКС,Требуется,11,5200
634,РАБИФЕЛ,Требуется,29,8750
635,РАКУМИН 0.75 % ПОРОШОК,Требуется,12,6400
636,РАКУМИН-ПАСТА,Не требуется,11,2450
637,РАКУСИД,Не требуется,30,6150
638,РАМИТ,Не требуется,10,6300
639,РАНОЗОЛЬ,Не требуется,9,7850
640,РАНОСАН МАЗЬ,Не требуется,11,7100
641,РАНОСАН ПОРОШОК,Не требуется,29,8250
642,РАСТВОР ВИТАМИНОВ А Д3 Е и F,Требуется,21,8200
643,РАСТВОР ГЛЮКОЗЫ 40%,Требуется,22,9500
644,РАСТВОР ГЛЮКОЗЫ 5%,Требуется,15,4950
645,РАСТВОР КАЛЬЦИЯ БОРГЛЮКОНАТ 20%,Не требуется,24,7200
646,РАСТВОР КАЛЬЦИЯ ГЛЮКОНАТА 10%,Не требуется,12,7900
647,РАТЕИД,Не требуется,5,8200
648,РАТИМОР-КОНЦЕНТРАТ,Требуется,10,3350
649,РАТИМОР-ПРИМАНКА,Не требуется,10,6850
650,РАТОКС,Не требуется,14,9850
651,РАТТИДИОН,Требуется,13,4150
652,РАЦИДОЛ,Не требуется,20,5000
653,РЕГИДАТ,Требуется,13,6750
654,РЕДИАР,Требуется,23,4300
655,РЕКОФЕРОН ГАММА,Не требуется,6,6850
656,РЕКС ВИТАЛ АМИНОКИСЛОТЫ,Не требуется,7,8050
657,РЕКС ВИТАЛ ЭЛЕКТРОЛИТЫ,Не требуется,6,4150
658,РЕНАЛ паста,Требуется,10,8150
659,РЕНАЛ ФАЗА 1,Не требуется,5,4500
660,РЕПТИЛАЙФ СУСПЕНЗИЯ,Требуется,10,9850
661,РЕЦЕФ 4,0,Требуется,14,7800
662,РИБОТАН,Требуется,29,9900
663,РИВЕРТИН 1 %,Требуется,25,2150
664,РИКАРФА ТАБЛЕТКИ,Не требуется,9,2350
665,РИМАДИЛ Р ТАБЛЕТКИ,Не требуется,25,8400
666,РИМАДИЛ РАСТВОР ДЛЯ ИНЪЕКЦИЙ,Не требуется,27,3850
667,РИМАДИЛ ТАБЛЕТКИ,Не требуется,15,3650
668,РИМОКС Л.А,Не требуется,10,9900
669,РИНБРОНХ,Не требуется,24,4850
670,РИФАЛЕКС,Требуется,24,1500
671,РИФАН,Требуется,28,2950
672,РИФАПОЛ,Не требуется,6,8550
673,РИФАПРИМ,Не требуется,9,1400
674,РИФАЦИКЛИН,Требуется,28,3900
675,РИХОМЕТРИН,Не требуется,11,5800
676,РОВАСТИН,Не требуется,12,3000
677,Родентан-Б,Требуется,30,7450
678,РОДЕФАСИН-У,Требуется,20,3700
679,РОДИАЛОН,Не требуется,7,3500
680,РОДОТИУМ 45 %,Не требуется,13,2500
681,РОЛЕНОЛ,Требуется,11,8700
682,РОНАКСАН,Требуется,18,6600
683,РОНИДАЗОЛ 10 %,Требуется,15,5850
684,РОНКОЛЕЙКИН,Требуется,23,5000
685,РОТЕНДАНТ,Не требуется,13,8300
686,САЛ-ЗАП,Не требуется,10,7650
687,САЛИНОФАРМ 12 %,Не требуется,8,4100
688,САЛИНОФАРМ 6 %,Не требуется,12,9100
689,САЛЬМОЗАН,Не требуется,14,6400
690,САНАТОЛ,Требуется,20,4100
691,САНОКС,Не требуется,13,5300
692,САНОФЛАЙ,Требуется,16,9750
693,САНОФОР,Не требуется,16,6150
694,САНРОЙ,Требуется,16,9550
695,САНТЕЛ 10%,Требуется,16,4550
696,САНТОМЕКТИН,Требуется,24,1950
697,САРКОЛИТИН К-9,Не требуется,18,3400
698,САРКОМИН,Не требуется,17,5600
699,САРУКОКС 12 %,Требуется,21,5400
700,САФРОДЕРМ ГЕЛЬ,Не требуется,26,7900
701,САФРОДЕРМ НАСТОЙКА,Не требуется,16,6000
702,СГОЛ,Требуется,13,2950
703,СЕДАМИДИН,Не требуется,7,8550
704,СЕДИМИН,Не требуется,19,10000
705,СЕДИМИН-F+,Не требуется,7,5100
706,СЕДИМИН-Se+,Требуется,13,5250
707,СЕЛ-ПЛЕКС,Требуется,12,6850
708,СЕЛАФОРТ,Требуется,20,8300
709,СЕЛАЦИД,Не требуется,13,5800
710,СЕЛЕМАГ,Не требуется,13,3150
711,СЕЛЕМАГ-О,Требуется,15,3250
712,СЕЛЕРОЛ,Не требуется,18,1550
713,СЕЛКО-рН,Требуется,14,4250
714,СЕМИНТРА,Не требуется,25,4900
715,СЕНСИБЛЕКС ВЕЙКС,Требуется,14,7850
716,СЕПТИФОРТ СПРЕЙ,Не требуется,13,2200
717,СЕПТО-СПРЕЙ,Требуется,14,1150
718,СЕПТОГЕЛЬ,Требуется,21,9950
719,СЕРЕНИЯ,Не требуется,5,3250
720,СЕРЕНИЯ РАСТВОР ДЛЯ ИНЪЕКЦИЙ,Не требуется,7,7050
721,СЕРНО-ЦИНКОВАЯ МАЗЬ,Требуется,11,9050
722,СИД,Требуется,9,4350
723,СИЛЕО,Требуется,11,2900
724,СИМПАРИКА,Требуется,9,8100
725,СИНКОГЕЛЬ,Требуется,30,3500
726,СИНУЛОКС RTU,Не требуется,22,1450
727,СИНУЛОКС ТАБЛЕТКИ,Требуется,7,2450
728,СКАВОН ВЕТ КРЕМ,Требуется,18,10000
729,СКАВОН ВЕТ СПРЕЙ,Не требуется,7,8850
730,СКАЛИБОР ИНСЕКТО-АКАРИЦИДНЫЙ,Требуется,22,5200
731,СОЛИКОКС,Не требуется,19,4300
732,СОЛЬФАК 10% С. П.,Требуется,28,6300
733,СОЛЬФАК 5% М. Е.,Требуется,27,4800
734,СОЛЬФАК ДУО СК 7.5%,Требуется,16,7950
735,СОМАТИК-ТЕСТ СМТ,Требуется,10,1400
736,СОРБАЛГОН,Требуется,15,5900
737,СОРБАЛГОН Т,Не требуется,27,3750
738,СПЕКТАМ,Требуется,15,1500
739,СПЕЛИНК-44,Не требуется,30,6000
740,СПОРОВИТ ЖИДКИЙ,Не требуется,20,2900
741,СПРЕЙ ЭЛИТА,Требуется,24,6100
742,СПРЕЙ ЭЛИТА С ПРОВИТАМИНОМ B5,Не требуется,17,6650
743,СТАРТИН,Требуется,12,1350
744,СТИМОВИТ,Не требуется,27,1400
745,СТОМОРДЖИЛ 2, 10, 20,Требуется,24,3100
746,СТОП-АРТРИТ,Требуется,21,3250
747,СТОП-ЗУД СПРЕЙ,Требуется,5,5600
748,СТОП-ЗУД СУСПЕНЗИЯ,Не требуется,24,1900
749,СТОП-СТРЕСС КАПЛИ,Не требуется,8,9450
750,СТОП-СТРЕСС ТАБЛЕТКИ,Требуется,11,7950
751,СТОП-ЦИСТИТ БИО,Не требуется,16,7650
752,СТОП-ЦИСТИТ ТАБЛЕТКИ,Требуется,16,6550
753,СТОПМОЛЬ,Не требуется,24,6600
754,СТРАЙД,Не требуется,9,6200
755,СТРАЙД ПЛЮС,Не требуется,11,6300
756,СТРЕПТОВИК,Не требуется,11,9200
757,СТРЕПТОМИЦИНА СУЛЬФАТ (Агрофарм),Не требуется,20,3350
758,СТРЕПТОМИЦИНА СУЛЬФАТ (Синтез),Не требуется,19,3650
759,СТРЕПТОФУР,Не требуется,16,6500
760,СТРЕССМИКС,Требуется,20,8850
761,СТРОНГХОЛД,Требуется,16,8600
762,СТРУВИТНАЯ ДИЕТА,Не требуется,16,3000
763,СТРУВИТНАЯ ДИЕТА КОНСЕРВЫ,Не требуется,15,3800
764,СУБТИЛИС,Требуется,30,2100
765,СУБТИЛИС-Ж,Не требуется,6,3900
766,СУИФЕРРОВИТ-А,Не требуется,25,5350
767,СУЛЬТЕПРИМ,Не требуется,6,1600
768,СУЛЬФ ГРАНУЛЯТ,Не требуется,22,2150
769,СУЛЬФ-120,Не требуется,21,3350
770,СУЛЬФ-480,Не требуется,16,5050
771,СУЛЬФЕТРИСАН,Требуется,5,2100
772,СУМИНАК,Не требуется,24,5050
773,СУПЕРПУШНОВИТ-М,Не требуется,11,2800
774,СУПЕРПУШНОВИТ-П,Требуется,9,3900
775,СУПЕРФЛЕКС,Требуется,10,5000
776,СУППРЕСТРАЛ СУСПЕНЗИЯ ДЛЯ ИНЪЕКЦИЙ,Не требуется,11,8250
777,СУПРЕЛОРИН,Не требуется,16,9050
778,СУПРИМИЦИН,Требуется,28,1850
779,СУРОЛАН,Не требуется,22,1700
780,СУРФАГОН,Не требуется,24,9700
781,СУРФАГОН,Не требуется,22,5000
782,ТЕСТОКС,Требуется,12,5200
783,ТЕТРАВИТ,Не требуется,5,6000
784,ТЕТРАГИДРОВИТ,Не требуется,23,3750
785,ТЕТРАЗОЛ Л.А.,Требуется,29,6900
786,ТЕТРАЛОНГ-20,Не требуется,29,4450
787,ТЕТРАМАГ,Требуется,22,5850
788,ТЕТРАМАСТ,Требуется,24,3900
789,ТЕТРАМЕТР,Требуется,28,8400
790,ТЕТРАМИЗОЛ,Не требуется,21,7350
791,ТЕТРАМИЗОЛ 10% ГРАНУЛЯТ,Не требуется,14,9400
792,ТЕТРАМИЗОЛ 20 % ГРАНУЛЯТ,Не требуется,29,3300
793,ТЕТРАЦИКЛИНА ГИДРОХЛОРИД,Требуется,7,1250
794,ТЕТРОКСИ 10 %,Не требуется,24,9450
795,ТЕТРОКСИ LА,Требуется,13,1750
796,ТИАЛОНГ,Не требуется,8,2400
797,ТИАМУЛИН 2 %,Требуется,19,3050
798,ТИАМУЛИН 45 %,Не требуется,14,2400
799,ТИАМУТОКС,Не требуется,11,7900
800,ТИАМУФАРМ 10%,Требуется,9,2550
801,ТИГМА-К,Не требуется,17,6650
802,ТИГМА-Щ,Не требуется,10,3250
803,ТИЕРКАЛ,Не требуется,24,8050
804,ТИЛАНИК 20 %,Требуется,24,5450
805,ТИЛАНИК 5%,Не требуется,10,8500
806,ТИЛАНИК ВОДОРАСТВОРИМЫЙ ПОРОШОК,Не требуется,23,5350
807,ТИЛАР,Не требуется,27,5600
808,ТИЛАР 50 %,Не требуется,16,8050
809,ТИЛДРЕН,Не требуется,23,9150
810,ТИЛОВЕТ 10 %,Не требуется,11,8950
811,ТИЛОВЕТ 25 %,Требуется,19,4300
812,ТИЛОВЕТ Б-200,Требуется,23,5550
813,ТИЛОВЕТ Б-50,Требуется,5,1200
814,ТИЛОВЕТ ВОДОРАСТВОРИМЫЙ ПОРОШОК,Требуется,30,1400
815,ТИЛОДОКС-200,Не требуется,12,9400
816,ТИЛОЗИН 200,Требуется,28,9750
817,ТИЛОЗИН 50,Требуется,15,9600
818,ТИЛОЗИН ОСНОВАНИЕ СУБСТАНЦИЯ,Не требуется,15,8000
819,ТИЛОЗИНА ТАРТРАТ ГРАНУЛИРОВАННЫЙ СУБСТАНЦИЯ,Не требуется,18,3900
820,ТИЛОЗИНА ТАРТРАТ СУБСТАНЦИЯ,Требуется,29,4900
821,ТИЛОЗИНОКАР,Не требуется,29,8850
822,ТИЛОКОЛ,Не требуется,12,9350
823,ТИЛОКОЛИН-АФ,Не требуется,21,3200
824,ТИЛОМАГ 20 %,Требуется,25,1450
825,ТИЛОМАГ 5 %,Не требуется,25,9650
826,ТИЛОСУЛЬФУРАН,Требуется,5,2300
827,ТИМПАНОЛ,Не требуется,28,8350
828,ТИОЦЕФУР,Требуется,22,6500
829,ТОЛФЕДИН,Требуется,10,4550
830,ТОЛФЕДИН 4%,Не требуется,26,5050
831,ТОНОФОСФАН КОМПОЗИТУМ,Требуется,23,9550
832,ТОП ДОГ,Не требуется,13,9200
833,ТОРУКОКС 2.5 %,Не требуется,19,2950
834,ТОС-3,Не требуется,9,7600
835,ТРАВМАТИН РАСТВОР ДЛЯ ИНЪЕКЦИЙ,Не требуется,20,2000
836,ТРИАНТЕЛМ,Не требуется,5,6050
837,ТРИВИТ ДЛЯ ИНЪЕКЦИЙ,Требуется,14,1950
838,ТРИВИТ ДЛЯ ПРИМЕНЕНИЯ ВНУТРЬ,Не требуется,19,8500
839,ТРИВИТАМИН ДЛЯ ИНЪЕКЦИЙ,Требуется,15,4900
840,ТРИВИТАМИН ДЛЯ ПРИМЕНЕНИЯ ВНУТРЬ,Требуется,25,7150
841,ТРИМЕТИН,Не требуется,26,3150
842,ТРИМЕТОКС,Требуется,20,3000
843,ТРИПРИМ,Не требуется,26,7050
844,ТРИСУЛЬФОН ПОРОШОК,Не требуется,19,3500
845,ТРИХОВЕТ 5 %,Не требуется,10,2300
846,ТРИХОПТИЛИН,Не требуется,27,2900
847,ТРИЦИЛЛИН,Не требуется,23,1600
848,ТРОМЕКСИН,Не требуется,6,2600
849,ТРОНЦИЛ,Не требуется,29,6400
850,ТРОНЦИЛ-К,Требуется,8,9850
851,ТЭДА,Требуется,5,3700
852,ФАРМАЙОД,Требуется,6,4550
853,ФАРМАСТИМ 4 %,Требуется,10,1050
854,ФАРМАСТИМ 8 %,Требуется,17,5850
855,ФАРМКОКЦИД-10,Требуется,16,1900
856,ФАРМОКСИДИН 1 % РАСТВОР,Требуется,13,5450
857,ФАСКОВЕРМ РАСТВОР,Не требуется,29,7500
858,ФАСКОЦИД ГРАНУЛЫ,Не требуется,23,7250
859,ФАСЦИОЛ,Не требуется,25,7600
860,ФЕБТАЛ,Требуется,26,8450
861,ФЕЛИГЕН CRP,Требуется,29,5250
862,ФЕЛИГЕН CRP/R,Требуется,19,2750
863,ФЕЛИФЕРОН,Не требуется,28,4500
864,ФЕЛОВАКС,Требуется,26,4350
865,ФЕНБАЗЕН 10 % ГРАНУЛЯТ,Не требуется,28,1100
866,ФЕНБАЗЕН 10 % СУСПЕНЗИЯ,Не требуется,20,5850
867,ФЕНБЕНГРАН ГРАНУЛЯТ,Требуется,30,2250
868,ФЕНБЕНДАЗОЛ,Требуется,15,3550
869,ФЕНИЛБУТАЗОН,Не требуется,28,8650
870,ФЕНПРАЗ,Требуется,18,4000
871,ФЕНПРАЗ суспензия,Не требуется,24,7550
872,ФЕРКАН,Требуется,18,3900
873,ФЕРРАНИМАЛ-75,Требуется,11,5150
874,ФЕРРАНИМАЛ-75 М,Требуется,16,9100
875,ФЕРРОГЛЮКИН-75,Требуется,27,5750
876,ФИЗАЛ,Не требуется,14,7950
877,ФИЛАКС,Требуется,14,4750
878,ФИНАЛ МБ,Не требуется,22,1100
879,ФИПРЕКС 75 СПОТ-ОН,Требуется,20,7800
880,ФИПРЕКС СПРЕЙ ФОРТЕ,Не требуется,16,8350
881,ФИПРИСТ СПОТ ОН,Не требуется,26,6900
882,ФИПРОКЛИР СПОТ-ОН,Требуется,17,2500
883,ФИПРОТЕГ,Не требуется,30,10000
884,ФИТОБАКТРИН,Требуется,12,2150
885,ФИТОКАЛЬЦЕВИТ,Требуется,18,3450
886,ФИТОКАЛЬЦЕВИТ С ТАУРИНОМ,Требуется,24,6100
887,ФИТОМИНЫ + А,Не требуется,7,5600
888,ФИТОМИНЫ + БК,Требуется,17,3800
889,ФИТОМИНЫ + ВШ,Требуется,29,7350
890,ФИТОМИНЫ + ГЕМАТОДОГ,Не требуется,21,1700
891,ФИТОМИНЫ + ГЕМАТОКЭТ,Не требуется,17,7250
892,ФИТОМИНЫ + КК,Требуется,20,2950
893,ФИТОМИНЫ + МК,Не требуется,11,2100
894,ФИТОМИНЫ + С,Требуется,28,5400
895,ФИТОМИНЫ В,Требуется,13,7300
896,ФИТОМИНЫ Г,Не требуется,24,6450
897,ФИТОМИНЫ ГЛ,Не требуется,29,8000
898,ФИТОМИНЫ З,Требуется,25,1850
899,ФИТОМИНЫ Ш,Требуется,7,9650
900,ФИТОМИНЫ-М-К,Требуется,8,2350
901,ФИТОМИНЫ-М-КМ,Требуется,20,3650
902,ФИТОМИНЫ-М-МС,Не требуется,23,3950
903,ФИТОМИНЫ-М-Х,Не требуется,9,4600
904,ФИТОЭЛИТА Крем-бальзам антисептический,Не требуется,14,6250
905,ФИТОЭЛИТА Крем-бальзам противовоспалительный,Не требуется,27,5000
906,ФИТОЭЛИТА Крем-бальзам противотравматический,Не требуется,22,3850
907,ФИТОЭЛИТА Крем-бальзам ранозаживляющий,Требуется,27,7150
908,ФИТОЭЛИТА лосьон для глаз,Требуется,5,6600
909,ФИТОЭЛИТА-К ЗАЩИТА ОТ ИНФЕКЦИЙ,Не требуется,9,7250
910,ФИТОЭЛИТА-К ЗДОРОВЫЕ ПОЧКИ,Требуется,24,5600
911,ФИТОЭЛИТА-К ОСТЕОЧАЙ,Требуется,30,9300
912,ФИТОЭЛИТА-К ОЧИСТИТЕЛЬНЫЙ ЧАЙ,Требуется,21,8400
913,ФИТОЭЛИТА-К ТОЛСТОПУЗ,Не требуется,25,5150
914,ФИТОЭЛИТА-К ЦИТОСТАТ,Не требуется,21,9400
915,ФИТОЭЛИТА-К ЧИСТАЯ КОЖА,Не требуется,16,3300
916,ФИТЭКС КАПЛИ,Требуется,22,7300
917,ФЛАВОВИТ 8 %,Не требуется,17,8300
918,ФЛАЙ БАЙТ,Не требуется,10,2250
919,ФЛЕКСОПРОФЕН,Требуется,11,1000
920,ФЛИ 3 в 1,Требуется,30,9200
921,ФЛОРИКОЛ,Не требуется,9,2100
922,ФЛОРИТИЛ ИНЪЕКЦИОННЫЙ,Требуется,18,9200
923,ФЛОРОКС,Требуется,6,8050
924,ФЛОРОН 10 %,Не требуется,28,2700
925,ФЛОРОН 2 % ПОРОШОК,Не требуется,6,3850
926,ФЛОРОН 30 %,Требуется,16,8800
927,ФЛС-МИКС,Требуется,5,1350
928,ФЛУБАКТИН 10 %,Требуется,22,3500
929,ФЛУБАКТИН 20 %,Не требуется,10,2250
930,ФЛУНИДЖЕКТ,Требуется,19,1400
931,ФОЛАЙН КАПЛИ,Не требуется,16,10000
932,ФОЛАЙН СПРЕЙ,Требуется,30,1950
933,ФОЛЛИМАГ,Не требуется,7,9500
934,ФОРВЕТ капли глазные,Требуется,23,3700
935,ФОРВЕТ раствор для инъекций,Требуется,15,5000
936,ФОРМОЛВАКЦИНА ПРОТИВ ПАСТЕРЕЛЛЕЗА,Не требуется,5,6800
937,ФОРТЕ УНИВЕРСАЛ,Не требуется,23,3950
938,ФОРТЕКОР таблетки,Требуется,14,2350
939,ФортиФлора пробиотик,Требуется,9,2000
940,ФОСПАСИМ РАСТВОР ДЛЯ ИНЪЕКЦИЙ,Не требуется,15,1450
941,ФОСПАСИМ РАСТВОР ДЛЯ ПРИМЕНЕНИЯ ВНУТРЬ,Требуется,14,6900
942,ФОСПРЕНИЛ,Требуется,5,5050
943,ФРЕШ 25,Требуется,25,4050
944,ФРОНТЛАЙН КОМБО,Не требуется,25,9200
945,ФРОНТЛАЙН СПОТ ОН,Не требуется,16,6350
946,ФРОНТЛАЙН СПРЕЙ,Не требуется,29,6450
947,ФСГ-СУПЕР,Требуется,5,7950
948,ФУМИСАН,Не требуется,27,8600
949,ФУНГИВЕТ,Требуется,28,8550
950,ФУНГИН,Не требуется,24,6950
951,ФУРАМИКС,Не требуется,24,5800
952,ФУРАПЕН,Требуется,13,6000
953,ФУРАПОЛ,Не требуется,16,3000
954,ЭВТАНАЗИН,Не требуется,7,2600
955,ЭГОЦИН 20,Требуется,28,9050
956,ЭЙМЕТЕРМ СУСПЕНЗИЯ 5%,Не требуется,24,5150
957,ЭКВАЛАН,Не требуется,26,4950
958,ЭКВАЛАН ДУО,Требуется,29,7550
959,ЭКВИЛИС ПРЕКВЕНЗА ТЕ,Требуется,25,5450
960,ЭКВИЛИС РЕЗЕКВИН,Не требуется,10,9600
961,ЭКВИЛИС ЭКВЕНЗА-Т,Требуется,19,6900
962,ЭКВИСЕКТ ПАСТА,Требуется,8,2500
963,ЭКЗЕКАН,Требуется,17,5600
964,ЭКОФЛИС,Требуется,7,5250
965,ЭКОЦИД С,Требуется,5,7150
966,ЭКС-5,Требуется,22,1450
967,ЭКС-5Т,Не требуется,26,7600
968,ЭКС-7,5,Требуется,20,9050
969,ЭКТОДЕС,Не требуется,29,7700
970,ЭЛВЕСТИН,Не требуется,22,6650
971,ЭНГЕМИЦИН 10%,Требуется,15,2050
972,ЭНРОМАГ 5 %,Требуется,12,7950
973,ЭНРОМАГ-О,Требуется,11,2400
974,ЭНРОНИТ,Требуется,13,1800
975,ЭНРОСТИН,Требуется,12,2200
976,ЭНРОСТИН МАКС,Не требуется,14,7900
977,ЭНРОЦИД,Требуется,5,4650
978,ЭНТЕРОКАТ,Не требуется,7,4650
979,ЭНТЕРОСОРБЕНТ УГЛЕРОДНЫЙ ЗООКАРБ,Не требуется,21,6350
980,ЭНТИФ,Не требуется,18,5150
981,ЭНТОМОЗАН С,Не требуется,30,5050
982,ЭПИ ОТИК,Не требуется,24,3750
983,ЭПРИМЕК,Требуется,25,3150
984,ЭРИДИН,Требуется,30,6800
985,ЭРИДОН,Не требуется,15,6700
986,ЭРИМАСТ,Не требуется,26,9050
987,ЭРИПРИМ КОНЦЕНТРАТ,Не требуется,16,1800
988,ЭРИТРОКСИД,Требуется,10,6700
989,ЭРОКСИМАСТ,Не требуется,16,8500
990,ЭСИД-ПАК-4-УЭЙ В. С.,Не требуется,30,7450
991,ЭСТРОФАН,Требуется,22,9900
992,ЭСТРОФАНТИН,Требуется,13,2800
993,ЭТИЛФЕНАЦИН 0.5 % МАСЛЯНЫЙ РАСТВОР,Не требуется,13,5050
994,ЭУРИКАН DHPPI2-L,Требуется,14,4450
995,ЭУРИКАН DHPPI2-LR,Требуется,6,1450
996,ЭУРИКАН ПИРО,Требуется,7,7150
997,ЭФА-ГЕЛЬ,Требуется,8,7200
998,ЭФА-Д 0.5 %,Требуется,27,9600
999,ЭФА-Д 1 %,Не требуется,27,7250
1000,ЭФФИТИКС,Требуется,28,5300
